"","stcov","estmethod","coverage","mspe","mean_bias"
"1","ind","ols",0.911,8.13637408607826,-0.666711122856647
"2","product","reml",0.887,6.08822036401599,-0.136850105057438
"3","product","svwls",0.9125,7.82834634414667,0.0627710708077886
"4","productsum","reml",0.958,4.62283863843076,0.444293710652826
"5","productsum","svwls",0.9475,6.57253339757327,-0.345435332262215
"6","sum_with_error","reml",0.9665,4.83507656687164,0.422890175812869
"7","sum_with_error","svwls",0.907,7.58472614280874,-0.351971594491419
