"","stcov","estmethod","coverage","mspe","bias"
"1","ind","ols",0.950770833333333,4.19408961299682,0.0017444645287139
"2","product","reml",0.949625,3.14298550431195,-0.0121652005508139
"3","product","svwls",0.884520833333333,3.29810429702323,-0.0125414847581977
"4","productsum","reml",0.9493125,3.1087215249486,-0.00750420520509123
"5","productsum","svwls",0.948625,3.12281278256815,-0.00807830571644789
"6","sum_with_error","reml",0.949520833333333,3.11110336935589,-0.00604033148817436
"7","sum_with_error","svwls",0.947875,3.12083057402575,-0.00726084339497705
