stcov,estmethod,coverage,rmspe,mbias
ind,ols,0.9545,4.706921286585597,-0.08642770236095282
product,reml,0.925,1.76388385490667,-0.07032128026279605
product,svwls,0.661,1.847936639667682,-0.05822254016895852
productsum,reml,0.9375,1.50420108203074,-0.06726697046904463
productsum,svwls,0.9065,1.515602727763709,-0.06833956447844863
sum_with_error,reml,0.94,1.4999721804607178,-0.06746142511599056
sum_with_error,svwls,0.912,1.5058173146118043,-0.06372735458841612
