"","stcov","estmethod","coverage","mspe","bias"
"1","ind","ols",0.95225,4.87827242874066,0.0162888731977754
"2","product","reml",0.945666666666667,2.50921780039992,0.0132219581792719
"3","product","svwls",0.822854166666667,2.68373847334795,0.0131218824803777
"4","productsum","reml",0.947166666666667,2.46624205581953,0.016460448939283
"5","productsum","svwls",0.9466875,2.53504100434389,0.0212778322694376
"6","sum_with_error","reml",0.94975,2.81176609248963,0.0240629849134063
"7","sum_with_error","svwls",0.924729166666667,2.82144799972941,0.0252700459314566
