stcov,estmethod,coverage,rmspe,mbias
ind,ols,0.9445,5.214612732331577,0.04392606600301271
product,reml,0.9495,2.378688747474462,0.04415021799001269
product,svwls,0.91,2.475220372844431,0.05278847177404291
productsum,reml,0.952,2.3415072938361083,0.05455303226284392
productsum,svwls,0.956,2.388950006265777,0.06124582502461705
sum_with_error,reml,0.949,3.1152405420744675,0.0905216149225041
sum_with_error,svwls,0.917,3.114718791324318,0.09218266788954602
