"","stcov","estmethod","coverage","mspe","bias"
"1","ind","ols",0.9515,5.04222631514862,-0.120852475756618
"2","product","reml",0.947,2.35261504016783,-0.0281827540081208
"3","product","svwls",0.9075,2.45479793697261,-0.0533720847987719
"4","productsum","reml",0.951,2.30479899235901,-0.0191922399700431
"5","productsum","svwls",0.951,2.38079753398414,-0.00875706000498679
"6","sum_with_error","reml",0.9525,3.09687702714067,-0.0705837612456163
"7","sum_with_error","svwls",0.9205,3.09999747032594,-0.0767032727014766
