"","stcov","estmethod","coverage","mspe","bias"
"1","ind","ols",0.950645833333333,4.86543649202032,-0.0266389283598873
"2","product","reml",0.945083333333333,1.29652021521034,-0.00744011894928079
"3","product","svwls",0.9126875,1.38887898240165,-0.00847478566313908
"4","productsum","reml",0.948229166666667,1.26154731767652,-0.00729494865160539
"5","productsum","svwls",0.894458333333333,1.37954677148861,-0.00678330269651452
"6","sum_with_error","reml",0.951416666666667,2.36806925677586,-0.0161434331926126
"7","sum_with_error","svwls",0.8321875,2.37340983821761,-0.0169400442209107
