stcov,estmethod,coverage,rmspe,mbias
ind,ols,0.9545,4.706921286585597,-0.08642770236095282
product,reml,0.925,1.76388385490667,-0.07032128026279605
product,svwls,0.6605,1.8476974555562644,-0.05654087816549758
productsum,reml,0.9375,1.50420108203074,-0.06726697046904463
productsum,svwls,0.907,1.5182814535372557,-0.07073118046482708
sum_with_error,reml,0.94,1.4999721804607178,-0.06746142511599056
sum_with_error,svwls,0.9135,1.504524448099886,-0.06378209296705653
