"","stcov","estmethod","coverage","mspe","bias"
"1","ind","ols",0.952291666666667,3.92855855079898,0.0118768144951997
"2","product","reml",0.9465625,2.38470288421646,0.0164062187518576
"3","product","svwls",0.834708333333333,2.54430771646859,0.016551813569533
"4","productsum","reml",0.947729166666667,2.35100930078503,0.0192188850385027
"5","productsum","svwls",0.948020833333333,2.38129088463776,0.0197996339755389
"6","sum_with_error","reml",0.9480625,2.39021432823693,0.0218125029073853
"7","sum_with_error","svwls",0.9446875,2.39921901378747,0.021366195101404
