"","stcov","estmethod","coverage","mspe","bias"
"1","ind","ols",0.974666666666667,4.88184648913472,-0.00558759401364769
"2","product","reml",0.930333333333333,1.68394699082906,-0.0102834617864847
"3","product","svwls",0.879479166666667,1.77992703538954,-0.0121423095797648
"4","productsum","reml",0.933479166666667,1.6528994174715,-0.00847737345600695
"5","productsum","svwls",0.915375,1.75074345995734,-0.00708380080867576
"6","sum_with_error","reml",0.948854166666667,2.60291892105516,-0.008411306357933
"7","sum_with_error","svwls",0.865,2.60737039013479,-0.00723949941545472
