"","stcov","estmethod","coverage","mspe","bias"
"1","ind","ols",0.93,4.98315164677002,-0.0751030645027156
"2","product","reml",0.947,2.70150807888645,0.0471648555421366
"3","product","svwls",0.911,2.841907341218,0.0404628992794585
"4","productsum","reml",0.948,2.65658139692252,0.0547234003550245
"5","productsum","svwls",0.943,2.75718568202919,0.0338522260810169
"6","sum_with_error","reml",0.941,3.41049750657893,0.036119216365723
"7","sum_with_error","svwls",0.9235,3.42760509117561,0.0379709389024915
