stcov,estmethod,coverage,rmspe,mbias
ind,ols,0.936,5.1341073532890285,0.06553358569347449
product,reml,0.948,2.8154442832973396,0.07063040961939038
product,svwls,0.9245,2.9074809104444763,0.078904863934471
productsum,reml,0.9515,2.7668684030504958,0.07861025300145927
productsum,svwls,0.9505,2.869147451021029,0.04691245680042769
sum_with_error,reml,0.9565,3.4082196227294532,0.05706115183907981
sum_with_error,svwls,0.9405,3.4317724432512757,0.05107762199705955
