"","stcov","estmethod","coverage","mspe","bias"
"1","ind","ols",0.959,4.57230588472589,0.0576513750021541
"2","product","reml",0.9275,1.72494236835246,-0.026315792433542
"3","product","svwls",0.688,1.81634271748741,-0.0117835688038058
"4","productsum","reml",0.9515,1.44457162063308,-0.0144814542577563
"5","productsum","svwls",0.9155,1.46984487036916,-0.0147054718905224
"6","sum_with_error","reml",0.9505,1.44351395021786,-0.0175341032560576
"7","sum_with_error","svwls",0.917,1.45556653971096,-0.017875699456308
