stcov,estmethod,coverage,rmspe,mbias
ind,ols,0.9305,4.885265111411201,0.01079649405943581
product,reml,0.9265,0.7331296800725328,-0.0076707414079185705
product,svwls,0.8725,0.8566319418738515,-0.028894688754000152
productsum,reml,0.9345,0.6304707127214796,-0.01586887064905824
productsum,svwls,0.8815,0.7063550623635904,-0.011926247793211121
sum_with_error,reml,0.935,0.6291277834058777,-0.01566591878957775
sum_with_error,svwls,0.9295,0.6538076154129967,-0.018478779774996935
