"","stcov","estmethod","coverage","mspe","bias"
"1","ind","ols",0.975270833333333,4.90866900748032,-0.0014172141484471
"2","product","reml",0.939729166666667,2.72735976699248,0.00724788930465639
"3","product","svwls",0.833166666666667,2.90263034305766,0.0141942250009334
"4","productsum","reml",0.942395833333333,2.6886205014296,0.00835227874184034
"5","productsum","svwls",0.940833333333333,2.74670588589314,0.00768817578382935
"6","sum_with_error","reml",0.950645833333333,3.00091508497981,0.0110577510085841
"7","sum_with_error","svwls",0.928895833333333,3.00867488712408,0.0113507778971093
