stcov,estmethod,beta,typeone,rmse,mbias
ind,ols,beta1,0.702,0.7395424643978259,0.00512910410841234
ind,ols,beta2,0.348,0.3765767955214796,-0.014133279601489468
ind,ols,beta3,0.061,0.1349745687379925,-0.0010893239846688821
product,reml,beta1,0.2565,0.5901721998464177,-0.006480032008385537
product,reml,beta2,0.2765,0.1810226258712164,-0.0044185505254627395
product,reml,beta3,0.105,0.022993295049559905,-6.096158306694875e-4
product,svwls,beta1,0.0925,0.5731724212574726,-0.0075614297498356985
product,svwls,beta2,0.3265,0.15923171148035162,-0.0025284293817558565
product,svwls,beta3,0.182,0.02613675225217351,-9.50764166694765e-4
productsum,reml,beta1,0.0605,0.5366131023548147,-0.006952534589986935
productsum,reml,beta2,0.096,0.15365498323356175,-0.003066887890263217
productsum,reml,beta3,0.0535,0.017483491671295134,-5.166068211365423e-4
productsum,svwls,beta1,0.0645,0.5640267043224827,-0.005361473228868745
productsum,svwls,beta2,0.154,0.15798558981663702,-0.002170933215568387
productsum,svwls,beta3,0.128,0.01942023386672304,-9.599571731139825e-4
sum_with_error,reml,beta1,0.059,0.5375548402812996,-0.0047890384274815
sum_with_error,reml,beta2,0.093,0.15143400866978424,-0.004087359424835208
sum_with_error,reml,beta3,0.053,0.01747297284438001,-5.28633021873571e-4
sum_with_error,svwls,beta1,0.0635,0.5642465419617402,-0.007873920435685033
sum_with_error,svwls,beta2,0.1525,0.16040073392054607,-0.0020538210955510614
sum_with_error,svwls,beta3,0.065,0.018995431214923877,-4.510554744945032e-4
