stcov,estmethod,coverage,mspe,mean_bias
ind,ols,0.911,8.136374086078265,-0.6667111228566467
product,reml,0.8945,6.097038853889211,-0.1726495876841594
product,svwls,0.9125,7.828355871256895,0.05767844673566363
productsum,reml,0.959,4.643941575539626,0.4453144372751403
productsum,svwls,0.9545,6.414805240123698,-0.3581191290038463
sum_with_error,reml,0.9645,4.825534752434205,0.43153776402773
sum_with_error,svwls,0.907,7.58453429424983,-0.3580197927954781
