"","stcov","estmethod","coverage","mspe","bias"
"1","ind","ols",0.959166666666667,4.00041882937934,0.0131484353704706
"2","product","reml",0.942875,2.58177752767921,0.00994813043662325
"3","product","svwls",0.853979166666667,2.73512880643456,0.0116536970978615
"4","productsum","reml",0.9450625,2.55313544948566,0.0115714926263751
"5","productsum","svwls",0.945729166666667,2.59149205772719,0.00880096660955948
"6","sum_with_error","reml",0.9471875,2.5961146712323,0.0143100561469162
"7","sum_with_error","svwls",0.942708333333333,2.61037708488156,0.0148104819201988
