"","stcov","estmethod","coverage","mspe","bias"
"1","ind","ols",0.9765625,4.93839435782384,0.0383790072859691
"2","product","reml",0.947416666666667,3.41055346207003,0.0103848058826077
"3","product","svwls",0.83825,3.58351061102767,0.00347205927408426
"4","productsum","reml",0.949979166666667,3.31178455021242,0.0154403774681367
"5","productsum","svwls",0.948833333333333,3.33515602645397,0.0180281778716002
"6","sum_with_error","reml",0.952604166666667,3.3424245482456,0.016470201509001
"7","sum_with_error","svwls",0.948354166666667,3.35345181421819,0.0169237505564327
