"","stcov","estmethod","coverage","mspe","bias"
"1","ind","ols",0.9305,4.76485260491852,0.0480523686070581
"2","product","reml",0.929,2.08445529991642,0.0204874485048948
"3","product","svwls",0.784,2.15723693924574,-0.00929629122781567
"4","productsum","reml",0.939,1.87310927716685,-0.00438582578940508
"5","productsum","svwls",0.9205,2.01576571418879,0.00323726527663096
"6","sum_with_error","reml",0.942,2.1094011575415,-0.0151077371186249
"7","sum_with_error","svwls",0.916,2.12687388804463,-0.00430240395230596
