stcov,estmethod,coverage,rmspe,mbias
ind,ols,0.935,4.569834299938597,-0.08966770182959662
product,reml,0.927,1.9932840585282094,1.7535653328180873e-5
product,svwls,0.795,2.048596477608675,0.0042698261202446875
productsum,reml,0.9335,1.808446770625727,-3.7964764230060473e-4
productsum,svwls,0.9215,1.9524263381066957,-0.01272948068477773
sum_with_error,reml,0.9465,2.04313890598136,0.007325534325839827
sum_with_error,svwls,0.9145,2.0544602540625903,0.003628302316386495
