"","stcov","estmethod","coverage","mspe","bias"
"1","ind","ols",0.951145833333333,4.92615823550388,0.0116737799698248
"2","product","reml",0.9484375,3.21757705750657,-0.00880677863576994
"3","product","svwls",0.833479166666667,3.43623530189534,-0.0122664000921785
"4","productsum","reml",0.949145833333333,3.15237338909588,-0.00761228129875438
"5","productsum","svwls",0.948125,3.17493424029663,-0.00773673427049946
"6","sum_with_error","reml",0.9505625,3.18121126414161,-0.00368836989410636
"7","sum_with_error","svwls",0.9464375,3.1959478044903,-0.00464029788540657
