"","stcov","estmethod","coverage","mspe","bias"
"1","ind","ols",0.951604166666667,3.68064929561638,-0.00690850009563142
"2","product","reml",0.9465,1.12747649540682,-0.00543648125326056
"3","product","svwls",0.874145833333333,1.20897594211797,-0.00587425236731826
"4","productsum","reml",0.9476875,1.09825186126348,-0.00514148922225575
"5","productsum","svwls",0.892125,1.15767202298711,-0.00342863348815897
"6","sum_with_error","reml",0.949645833333333,1.30555809592886,-0.00652318718249123
"7","sum_with_error","svwls",0.911291666666667,1.31425578698733,-0.00615549455177321
