"","stcov","estmethod","coverage","mspe","bias"
"1","ind","ols",0.957958333333333,3.76686425206567,0.0128168101980331
"2","product","reml",0.9371875,1.46312922298804,0.00447257483770643
"3","product","svwls",0.8599375,1.5584293631295,0.00424074740179008
"4","productsum","reml",0.938479166666667,1.44788700882491,0.00541180862171273
"5","productsum","svwls",0.898291666666667,1.51700089288112,0.00643170602619319
"6","sum_with_error","reml",0.942729166666667,1.64300668361824,0.00523062391445028
"7","sum_with_error","svwls",0.914354166666667,1.65121990093615,0.00620204417720379
