"","stcov","estmethod","coverage","mspe","bias"
"1","ind","ols",0.9625625,4.24896720772989,0.0211166917409673
"2","product","reml",0.949125,3.29705701308452,0.00331090355824841
"3","product","svwls",0.888333333333333,3.44862056498696,-0.00664140524643507
"4","productsum","reml",0.950270833333333,3.26095549917294,0.00881022260925201
"5","productsum","svwls",0.949479166666667,3.27925690035686,0.00852226382990702
"6","sum_with_error","reml",0.950479166666667,3.26273390902832,0.00809366086585479
"7","sum_with_error","svwls",0.9496875,3.27574151354144,0.00958176847242472
