stcov,estmethod,coverage,rmspe,mbias
ind,ols,0.9305,4.885265111411201,0.01079649405943581
product,reml,0.9265,0.7331296800725328,-0.0076707414079185705
product,svwls,0.8725,0.8558100584977609,-0.029398125063494842
productsum,reml,0.9345,0.6304707127214796,-0.01586887064905824
productsum,svwls,0.8775,0.7053556020110214,-0.010181829147536651
sum_with_error,reml,0.935,0.6291277834058777,-0.01566591878957775
sum_with_error,svwls,0.9305,0.6543492937070923,-0.017558148773707136
