stcov,estmethod,coverage,rmspe,mbias
ind,ols,0.9445,5.214612732331577,0.04392606600301271
product,reml,0.9495,2.378688747474462,0.04415021799001269
product,svwls,0.91,2.4741502702299525,0.05334855522992821
productsum,reml,0.952,2.3415072938361083,0.05455303226284392
productsum,svwls,0.956,2.3882574842076427,0.056747413999534584
sum_with_error,reml,0.949,3.1152405420744675,0.0905216149225041
sum_with_error,svwls,0.9165,3.113531367041572,0.09276164562829199
