stcov,estmethod,coverage,rmspe,mbias
ind,ols,0.928,5.419181968064432,-0.0543415185273679
product,reml,0.936,2.154704384711927,-0.06067219880661061
product,svwls,0.916,2.2473662378323613,-0.05643912123672926
productsum,reml,0.9355,2.130471683014526,-0.055653012661356166
productsum,svwls,0.936,2.295229295033423,-0.058137084692847535
sum_with_error,reml,0.9305,3.6408096718003766,-0.1027779705043296
sum_with_error,svwls,0.902,3.6452814728522083,-0.10640637070760893
